mse,epsilon,C,gamma
1.0964597742178823,1.7475284000076847,93.0,0.01
2.498297218937906,3.511191734215131,68.0,0.19630406500402714
2.8693459921875424,4.037017258596554,16.0,0.05857020818056667
0.4199963088201666,0.06579332246575682,75.0,2.4201282647943834
0.011817200815444925,0.016297508346206444,67.0,0.025353644939701114
0.9972063116766543,1.7475284000076847,25.0,0.05857020818056667
0.40164184205896253,0.7054802310718645,6.0,0.044306214575838825
0.2562700324092009,0.8111308307896873,8.0,0.13530477745798075
0.012631791012238314,0.03511191734215131,64.0,0.023101297000831605
0.41095841044529047,0.9326033468832199,41.0,0.01
3.4014674637642,10.0,26.0,0.34304692863149194
0.021958405107480185,0.049770235643321115,4.0,0.21544346900318845
1.6196029782178858,0.093260334688322,13.0,6.7341506577508286
3.39327612487716,4.328761281083057,60.0,5.590810182512229
3.0402216788679777,4.037017258596554,51.0,1.8307382802953698
2.9275680394316894,2.848035868435802,86.0,7.390722033525782
3.4014674637642,5.72236765935022,24.0,57.2236765935022
1.126106418345334,1.1497569953977356,2.0,0.08497534359086446
3.0763005854552974,1.5199110829529332,87.0,43.287612810830616
0.010969416843404267,0.07054802310718646,93.0,0.03678379771828634
3.4014674637642,9.326033468832199,42.0,91.11627561154896
0.09140731444032182,0.23101297000831603,16.0,0.019179102616724886
0.18699925114275978,0.7054802310718645,42.0,0.1788649529057435
0.06848289968801641,0.14174741629268056,22.0,0.5994842503189411
1.8484428540007911,0.6579332246575682,2.0,6.135907273413176
0.03426328200547289,0.04328761281083057,27.0,0.3125715849688237
1.294530890450747,1.0,73.0,3.1992671377973845
0.1675682559878759,0.7054802310718645,93.0,0.025353644939701114
2.9773287200203074,0.12328467394420659,63.0,52.140082879996896
0.07300955244654415,0.05722367659350217,49.0,0.7924828983539177
2.602752360392932,0.01747528400007684,97.0,12.91549665014884
0.37720333668438094,1.0,55.0,0.093260334688322
0.014658407421823033,0.010722672220103232,79.0,0.013219411484660288
0.22823832825829365,0.014174741629268055,21.0,1.6681005372000592
2.963698848890629,0.01747528400007684,38.0,32.745491628777316
3.0678977064524298,2.656087782946687,23.0,91.11627561154896
0.09685499700635188,0.05722367659350217,24.0,0.9545484566618342
0.1149296253921227,0.5722367659350217,50.0,0.044306214575838825
3.0465403121545176,2.656087782946687,84.0,12.91549665014884
0.1641006283915125,0.6579332246575682,95.0,0.12328467394420665
1.6111163910069162,2.1544346900318843,27.0,0.01747528400007684
3.0387616247648976,4.328761281083057,78.0,0.3125715849688237
2.9779330265379906,0.13219411484660293,29.0,62.802914418342596
1.403740187580541,0.08697490026177834,1.0,0.0774263682681127
0.5071236189191548,0.7564633275546291,70.0,1.5199110829529348
3.4014674637642,5.336699231206313,61.0,3.8535285937105312
3.4014674637642,8.111308307896872,55.0,0.05857020818056667
2.973127805676928,0.037649358067924674,20.0,100.0
0.07231066170869352,0.23101297000831603,47.0,0.49770235643321115
0.3507045972461706,0.23101297000831603,64.0,2.0092330025650478
3.4014674637642,10.0,37.0,0.040370172585965536
3.0746190622013696,2.4770763559917115,51.0,75.64633275546291
1.7630633302980268,2.31012970008316,74.0,1.0476157527896652
2.904945158503112,0.0533669923120631,76.0,20.565123083486537
2.6006426876663524,0.01,91.0,12.91549665014884
0.04412940665476824,0.21544346900318845,46.0,0.25950242113997374
0.018742224361055777,0.024770763559917114,32.0,0.1484968262254465
2.202980626508934,3.0538555088334154,89.0,0.9545484566618342
0.03956860977020775,0.2848035868435802,12.0,0.2848035868435802
0.013416988336985153,0.03511191734215131,77.0,0.015922827933410922
3.4014674637642,7.054802310718645,34.0,0.014508287784959394
3.4014674637642,6.5793322465756825,65.0,3.8535285937105312
3.4014674637642,7.56463327554629,82.0,52.140082879996896
0.5312237393626761,0.013219411484660288,51.0,2.9150530628251787
0.07631953934226413,0.07054802310718646,65.0,0.7924828983539177
2.0304547306319276,0.533669923120631,100.0,7.390722033525782
2.498394640868576,0.464158883361278,1.0,0.015922827933410922
2.972775771491551,0.02848035868435802,33.0,75.64633275546291
1.4102133522369371,0.016297508346206444,72.0,6.135907273413176
1.4765264137055827,0.9326033468832199,7.0,0.012045035402587823
2.9735736173187375,0.04328761281083057,90.0,68.92612104349702
2.0833205357049067,2.4770763559917115,45.0,2.2051307399030455
1.7112355445885346,2.4770763559917115,21.0,0.11233240329780277
3.007175783272763,0.6579332246575682,84.0,57.2236765935022
0.34384163332677714,0.464158883361278,54.0,1.5199110829529348
0.03845132947178855,0.016297508346206444,99.0,0.49770235643321115
0.10522482549753145,0.021544346900318846,24.0,1.0476157527896652
2.9365144938291783,0.010722672220103232,3.0,35.938136638046295
2.9899285681566647,0.37649358067924676,85.0,62.802914418342596
0.2443729591270694,0.37649358067924676,77.0,1.261856883066021
0.3648603131090581,0.05722367659350217,88.0,2.2051307399030455
1.0687711316950999,1.873817422860385,70.0,0.0774263682681127
0.055548933631017525,0.14174741629268056,34.0,0.4534878508128584
2.97126225214965,0.013219411484660288,56.0,47.50810162102798
2.1445910079716355,0.016297508346206444,2.0,0.015922827933410922
1.466308910641892,2.1544346900318843,96.0,0.37649358067924693
0.40959236225224505,0.32745491628777285,74.0,2.0092330025650478
3.4014674637642,9.326033468832199,81.0,2.9150530628251787
0.03000705625540004,0.07054802310718646,30.0,0.2848035868435802
0.6781894474389821,0.1519911082952934,36.0,3.1992671377973845
0.12222188720439646,0.01873817422860384,58.0,1.149756995397737
3.4014674637642,4.9770235643321135,43.0,0.6579332246575682
0.15748299350286526,0.20092330025650468,30.0,1.149756995397737
3.4014674637642,5.336699231206313,27.0,0.5462277217684343
2.950696308725679,0.014174741629268055,39.0,27.185882427329428
1.648295157966394,0.2848035868435802,2.0,0.030538555088334154
0.21295578398961382,0.3511191734215131,10.0,1.149756995397737
0.05591067882573499,0.37649358067924676,51.0,0.06428073117284322
1.1337718554148104,0.0533669923120631,3.0,5.09413801481638
0.014089512383119318,0.0533669923120631,27.0,0.10235310218990264
0.04555991633728727,0.06579332246575682,23.0,0.4534878508128584
0.017757064326150485,0.07564633275546291,26.0,0.030538555088334154
0.11300184783381913,0.06579332246575682,72.0,1.0476157527896652
3.4014674637642,6.135907273413176,3.0,0.014508287784959394
3.019476898252851,0.8111308307896873,23.0,57.2236765935022
3.4014674637642,4.9770235643321135,73.0,91.11627561154896
3.4014674637642,8.111308307896872,58.0,0.0774263682681127
2.1149765490298416,0.11497569953977356,37.0,8.902150854450392
0.027459064709473235,0.03511191734215131,69.0,0.1788649529057435
3.4014674637642,9.326033468832199,88.0,43.287612810830616
0.5291295770845619,1.072267222010323,38.0,0.014508287784959394
2.9108234080529884,0.10722672220103231,84.0,20.565123083486537
3.024770682584216,4.328761281083057,87.0,0.033516026509388425
3.4014674637642,7.56463327554629,26.0,0.5462277217684343
0.07834938966258659,0.02009233002565047,6.0,0.7220809018385468
0.012891463309105625,0.03274549162877728,16.0,0.06428073117284322
1.8151845724570936,2.4770763559917115,90.0,0.5994842503189411
1.8885824275416645,2.656087782946687,26.0,0.37649358067924693
2.9738260667849294,0.049770235643321115,11.0,83.02175681319753
0.012413327128235582,0.0533669923120631,76.0,0.02104904144512021
3.4014674637642,8.697490026177835,80.0,4.229242874389499
1.1763719889196957,0.11497569953977356,16.0,5.09413801481638
1.8650827720036258,0.49770235643321115,57.0,6.7341506577508286
0.012154577974797343,0.02009233002565047,29.0,0.04862601580065353
3.4014674637642,5.336699231206313,12.0,32.745491628777316
2.9582233389966874,0.11497569953977356,14.0,27.185882427329428
3.4014674637642,6.5793322465756825,57.0,9.770099572992256
2.9499536589028503,1.4174741629268048,43.0,12.91549665014884
0.013213346757964076,0.1,76.0,0.02104904144512021
3.4014674637642,4.9770235643321135,45.0,3.8535285937105312
0.6280119428036921,0.046415888336127795,45.0,3.1992671377973845
0.5885416488510742,1.232846739442066,71.0,0.37649358067924693
2.85259959244535,1.232846739442066,98.0,11.768119524349991
0.30789617994103846,0.014174741629268055,29.0,2.0092330025650478
2.9875879469900317,0.32745491628777285,11.0,83.02175681319753
3.4014674637642,7.054802310718645,40.0,4.641588833612782
3.4014674637642,4.9770235643321135,48.0,3.8535285937105312
0.016579002927406883,0.01873817422860384,19.0,0.033516026509388425
3.4014674637642,5.336699231206313,32.0,0.040370172585965536
2.9729179173369116,0.030538555088334154,93.0,62.802914418342596
0.05998413137322629,0.0533669923120631,22.0,0.012045035402587823
3.4014674637642,7.054802310718645,71.0,0.7924828983539177
3.4014674637642,6.135907273413176,63.0,3.5111917342151346
0.6703199008773367,1.3219411484660286,69.0,0.37649358067924693
0.4566785123959988,1.072267222010323,30.0,0.044306214575838825
3.2220364515884192,4.641588833612782,70.0,0.37649358067924693
0.6934598153856705,0.02009233002565047,29.0,3.5111917342151346
0.06305283430579241,0.16297508346206444,65.0,0.49770235643321115
2.9821072769831027,0.21544346900318845,79.0,91.11627561154896
1.8249319822252752,0.43287612810830595,79.0,6.7341506577508286
0.15025961329418538,0.30538555088334157,71.0,0.8697490026177834
0.02141890047938088,0.093260334688322,29.0,0.1788649529057435
0.039355674803041044,0.23101297000831603,20.0,0.027825594022071243
1.017636110075859,0.49770235643321115,71.0,3.5111917342151346
0.3651879076913154,0.9326033468832199,18.0,0.06428073117284322
1.268764795268211,0.030538555088334154,86.0,5.590810182512229
0.2998268644076232,0.7054802310718645,34.0,0.010974987654930561
2.4846041809765693,0.32745491628777285,26.0,10.722672220103243
1.9979582676086867,0.1873817422860384,58.0,8.111308307896872
0.805129303839788,0.06135907273413173,29.0,3.8535285937105312
2.8530140310415097,1.873817422860385,83.0,8.902150854450392
3.4014674637642,6.135907273413176,7.0,0.023101297000831605
0.05625387026245939,0.17475284000076838,8.0,0.044306214575838825
0.014807639614537802,0.01519911082952934,52.0,0.01747528400007684
2.826587817692389,0.023101297000831605,85.0,17.07352647470692
1.9167857828146881,2.656087782946687,48.0,0.5994842503189411
0.022312775153313952,0.12328467394420659,8.0,0.23644894126454083
0.1052787535745141,0.07564633275546291,14.0,0.9545484566618342
1.9505473516625584,2.848035868435802,37.0,0.033516026509388425
0.5784336301823341,0.6135907273413173,76.0,2.0092330025650478
0.012881758525121023,0.05722367659350217,64.0,0.05857020818056667
0.06361204614223936,0.05722367659350217,75.0,0.7220809018385468
0.015120551991389383,0.026560877829466867,68.0,0.08497534359086446
2.9338879750005753,0.12328467394420659,97.0,22.570197196339215
0.451816605545962,1.072267222010323,21.0,0.41320124001153385
0.1638862962778362,0.13219411484660293,40.0,1.261856883066021
3.4014674637642,6.5793322465756825,88.0,0.0774263682681127
3.4014674637642,6.5793322465756825,46.0,2.2051307399030455
0.06448162732921946,0.4037017258596556,24.0,0.093260334688322
3.0994356425877965,2.0092330025650478,74.0,29.836472402833405
1.825765798426486,2.656087782946687,25.0,0.10235310218990264
3.067898322043683,2.656087782946687,19.0,75.64633275546291
3.0103244119062995,0.7054802310718645,71.0,39.4420605943766
0.12732806336038813,0.6135907273413173,64.0,0.06428073117284322
0.01256613918585368,0.023101297000831605,25.0,0.07054802310718646
3.4014674637642,7.054802310718645,83.0,0.10235310218990264
0.021180517993608622,0.24770763559917114,88.0,0.05857020818056667
0.015001426143381385,0.07054802310718646,38.0,0.093260334688322
1.694891561809594,2.1544346900318843,2.0,0.3125715849688237
1.6492087102804036,2.31012970008316,77.0,0.37649358067924693
0.023671672643988347,0.08697490026177834,33.0,0.19630406500402714
0.05158814176549724,0.046415888336127795,21.0,0.013219411484660288
1.0441266974412469,1.7475284000076847,100.0,0.37649358067924693
0.022185347936866936,0.024770763559917114,69.0,0.1484968262254465
2.190179257436724,0.26560877829466867,71.0,8.902150854450392
0.035580868685254216,0.08697490026177834,10.0,0.37649358067924693
0.02586196601919972,0.01873817422860384,86.0,0.16297508346206444
3.2120481251982715,4.641588833612782,71.0,0.010974987654930561
2.982206716221006,0.23101297000831603,46.0,43.287612810830616
0.02254082730357606,0.014174741629268055,43.0,0.16297508346206444
0.011387742844513398,0.01,63.0,0.030538555088334154
2.3055747147789245,3.2745491628777286,27.0,0.08497534359086446
0.014704243041399442,0.049770235643321115,92.0,0.010974987654930561
2.009839673469444,0.49770235643321115,33.0,7.390722033525782
0.018185175274940586,0.023101297000831605,94.0,0.093260334688322
0.030244155482650158,0.24770763559917114,56.0,0.019179102616724886
0.0598391590540215,0.07564633275546291,71.0,0.6579332246575682
3.4014674637642,10.0,84.0,0.1484968262254465
3.2154850803579023,4.641588833612782,38.0,0.16297508346206444
2.6175673941566115,0.4037017258596556,21.0,11.768119524349991
0.015774680549721982,0.03511191734215131,91.0,0.08497534359086446
2.3084485703093174,2.31012970008316,59.0,3.8535285937105312
0.1946127273506546,0.011497569953977356,41.0,1.5199110829529348
2.3110747493127626,2.656087782946687,43.0,2.9150530628251787
2.5174919031276173,0.464158883361278,1.0,9.770099572992256
3.4014674637642,6.135907273413176,100.0,0.34304692863149194
2.9403192820981827,0.023101297000831605,50.0,24.770763559917114
1.4972552715215859,1.0,91.0,3.8535285937105312
0.3507045972461706,0.23101297000831603,85.0,2.0092330025650478
0.34639590497601314,0.6135907273413173,51.0,1.261856883066021
1.8457868727646953,0.20092330025650468,70.0,7.390722033525782
2.704451225405635,0.06135907273413173,41.0,14.174741629268063
0.012232735488241256,0.12328467394420659,50.0,0.030538555088334154
1.7624747831949055,2.4770763559917115,23.0,0.2848035868435802
2.9340032810633203,1.5199110829529332,31.0,11.768119524349991
0.02866426702858465,0.24770763559917114,90.0,0.014508287784959394
1.4117600426101746,0.01873817422860384,26.0,6.135907273413176
0.05345041076219896,0.1519911082952934,58.0,0.41320124001153385
0.23966303898779312,0.30538555088334157,7.0,1.384886371393873
0.011899763342338266,0.023101297000831605,85.0,0.02104904144512021
1.046263807394145,1.7475284000076847,58.0,0.02104904144512021
1.1982861611435804,1.0,29.0,2.9150530628251787
0.016589656567037002,0.13219411484660293,35.0,0.030538555088334154
0.03446906407247542,0.030538555088334154,66.0,0.34304692863149194
3.4014674637642,6.135907273413176,5.0,3.1992671377973845
2.858260201651759,0.040370172585965536,2.0,20.565123083486537
0.01233087001457553,0.010722672220103232,63.0,0.04862601580065353
2.3664934489918696,0.023101297000831605,63.0,10.722672220103243
2.083921961206155,2.31012970008316,30.0,2.656087782946687
2.95086843796371,0.016297508346206444,96.0,27.185882427329428
2.946155272475719,0.24770763559917114,58.0,22.570197196339215
2.9727305043747707,0.02848035868435802,70.0,83.02175681319753
2.972620441624881,0.024770763559917114,15.0,68.92612104349702
2.0732558051174976,2.656087782946687,45.0,1.6681005372000592
0.4660926497016463,0.014174741629268055,58.0,2.656087782946687
0.0216815749495554,0.03274549162877728,70.0,0.13530477745798075
3.4014674637642,8.697490026177835,54.0,0.4534878508128584
0.023371214089997046,0.13219411484660293,8.0,0.25950242113997374
2.9676714216552016,0.08111308307896872,12.0,32.745491628777316
0.03992180536334422,0.010722672220103232,52.0,0.37649358067924693
3.1172937302932016,3.0538555088334154,20.0,35.938136638046295
3.4014674637642,8.111308307896872,37.0,6.135907273413176
0.2930832895001062,0.16297508346206444,50.0,1.8307382802953698
0.012460548580959758,0.024770763559917114,23.0,0.07054802310718646
2.2453616376795322,1.629750834620645,100.0,5.09413801481638
0.016089930437392173,0.013219411484660288,30.0,0.02104904144512021
3.012327083530164,1.1497569953977356,34.0,18.73817422860385
2.7186587332763255,1.873817422860385,9.0,7.390722033525782
3.4014674637642,6.135907273413176,70.0,0.10235310218990264
3.4014674637642,4.9770235643321135,84.0,0.19630406500402714
0.3095028652750219,0.26560877829466867,17.0,0.010974987654930561
0.07795017366058411,0.4037017258596556,91.0,0.37649358067924693
2.9752457613981997,0.07564633275546291,18.0,68.92612104349702
3.4014674637642,6.135907273413176,27.0,0.21544346900318845
0.4108097190412874,0.8111308307896873,77.0,1.0476157527896652
3.212798594797487,4.641588833612782,16.0,0.04862601580065353
3.4014674637642,9.326033468832199,26.0,3.1992671377973845
2.9854024227020943,0.2848035868435802,22.0,47.50810162102798
0.5158697548209858,0.49770235643321115,74.0,2.0092330025650478
0.01577446752006088,0.10722672220103231,42.0,0.027825594022071243
1.6426821342193576,0.37649358067924676,97.0,6.135907273413176
3.04698295274536,1.1497569953977356,74.0,68.92612104349702
2.2490003786645696,0.08111308307896872,59.0,9.770099572992256
3.067897664353866,2.656087782946687,92.0,100.0
0.011364871373183575,0.06135907273413173,57.0,0.040370172585965536
1.133350377815716,0.046415888336127795,6.0,0.014508287784959394
0.01416633132389165,0.1873817422860384,74.0,0.025353644939701114
0.05506592436298334,0.37649358067924676,80.0,0.13530477745798075
3.4014674637642,5.72236765935022,38.0,0.10235310218990264
3.4014674637642,8.697490026177835,80.0,32.745491628777316
0.012794973439225046,0.02009233002565047,24.0,0.07054802310718646
2.771398034623881,0.4037017258596556,2.0,14.174741629268063
2.1203497881982383,3.0538555088334154,45.0,0.0774263682681127
1.97211772765957,0.013219411484660288,4.0,0.01
0.20162014446502,0.37649358067924676,71.0,1.0476157527896652
2.9717798595106646,0.01,79.0,57.2236765935022
3.0746183899937947,2.4770763559917115,48.0,91.11627561154896
3.0871033466522206,1.7475284000076847,47.0,62.802914418342596
2.9119049891562083,0.01,2.0,91.11627561154896
0.011706162089720829,0.13219411484660293,91.0,0.023101297000831605
2.9725438145739087,0.024770763559917114,40.0,57.2236765935022
0.2530321446889565,0.2848035868435802,3.0,1.5199110829529348
1.1052604585641752,1.7475284000076847,66.0,0.5994842503189411
1.7731903308201855,0.07564633275546291,19.0,7.390722033525782
0.10433722469646642,0.16297508346206444,90.0,0.8697490026177834
0.02171370620778417,0.20092330025650468,10.0,0.093260334688322
0.029802392072605537,0.011497569953977356,27.0,0.25950242113997374
0.8139979130228905,1.1497569953977356,2.0,1.384886371393873
2.923507918574748,0.21544346900318845,71.0,20.565123083486537
0.029226028073950673,0.049770235643321115,20.0,0.25950242113997374
0.15762239130486982,0.32745491628777285,87.0,0.8697490026177834
2.484651741576092,3.0538555088334154,5.0,2.656087782946687
2.451779372399895,1.873817422860385,74.0,5.590810182512229
0.2477274196610248,0.10722672220103231,32.0,1.6681005372000592
2.970135297830812,0.03274549162877728,23.0,39.4420605943766
3.236101102758222,4.641588833612782,94.0,0.7220809018385468
0.4690635097187668,0.32745491628777285,85.0,2.2051307399030455
1.5699658079565257,0.01747528400007684,92.0,6.7341506577508286
2.842970739704499,0.7054802310718645,72.0,14.174741629268063
1.6287106498183994,0.046415888336127795,4.0,0.014508287784959394
0.019417800658951583,0.07564633275546291,11.0,0.0533669923120631
0.44533946391910384,0.05722367659350217,1.0,0.1788649529057435
0.021075410758755873,0.06135907273413173,98.0,0.11233240329780277
3.4014674637642,4.9770235643321135,86.0,2.0092330025650478
0.025898438306810562,0.021544346900318846,88.0,0.16297508346206444
2.960130975256553,0.040370172585965536,93.0,29.836472402833405
2.7782956317327274,0.07054802310718646,49.0,15.556761439304722
1.888331300468145,0.533669923120631,19.0,6.7341506577508286
0.018224864266491766,0.02848035868435802,64.0,0.11233240329780277
1.4508107916436188,0.30538555088334157,24.0,5.590810182512229
0.03483439717508827,0.10722672220103231,19.0,0.37649358067924693
0.011971945590143059,0.023101297000831605,71.0,0.023101297000831605
0.01632072477529056,0.014174741629268055,74.0,0.01
0.015172899449909478,0.013219411484660288,68.0,0.013219411484660288
0.02807857322907644,0.13219411484660293,52.0,0.01
0.34582770809773977,0.9326033468832199,29.0,0.07054802310718646
2.3144729597343643,3.2745491628777286,9.0,0.21544346900318845
2.830081392847153,3.7649358067924674,7.0,1.8307382802953698
2.396880065349204,3.2745491628777286,1.0,0.49770235643321115
3.03058986849828,2.1544346900318843,90.0,11.768119524349991
0.7078597519684691,0.04328761281083057,99.0,3.5111917342151346
0.07004042727400334,0.26560877829466867,100.0,0.4534878508128584
3.087122043047091,1.7475284000076847,96.0,52.140082879996896
1.736697921430196,0.02009233002565047,35.0,7.390722033525782
0.334277110679786,0.8697490026177834,66.0,0.01
0.32733374269380533,0.8697490026177834,80.0,0.014508287784959394
0.2516944284580377,0.8111308307896873,48.0,0.093260334688322
2.824468086971241,0.010722672220103232,60.0,17.07352647470692
3.4014674637642,8.697490026177835,89.0,52.140082879996896
0.011608096810878031,0.023101297000831605,87.0,0.040370172585965536
3.0111346649172845,0.7054802310718645,85.0,62.802914418342596
1.9665194554699883,2.848035868435802,35.0,0.11233240329780277
2.968593937063908,0.04328761281083057,9.0,35.938136638046295
0.0982399365304398,0.06579332246575682,57.0,0.9545484566618342
3.0870988426584973,1.7475284000076847,93.0,100.0
0.10430593368984434,0.01747528400007684,67.0,1.0476157527896652
1.9665194554699883,2.848035868435802,32.0,0.11233240329780277
0.023572653988636692,0.013219411484660288,21.0,0.21544346900318845
0.05806131454024459,0.1,34.0,0.5994842503189411
0.01054984980987974,0.11497569953977356,96.0,0.027825594022071243
2.981306719517847,0.20092330025650468,50.0,52.140082879996896
0.012980131702882244,0.012328467394420659,32.0,0.07054802310718646
0.21126711054740532,0.533669923120631,45.0,0.8697490026177834
0.7063290793373953,0.040370172585965536,5.0,3.5111917342151346
0.014905298333156897,0.14174741629268056,15.0,0.1484968262254465
0.012419563599711855,0.11497569953977356,86.0,0.019179102616724886
1.9502523208361395,2.848035868435802,93.0,0.030538555088334154
2.984689433809142,0.26560877829466867,20.0,83.02175681319753
0.08577944676842256,0.43287612810830595,80.0,0.010974987654930561
3.4014674637642,8.111308307896872,65.0,2.4201282647943834
0.4928493251755506,0.5722367659350217,64.0,1.8307382802953698
3.0747470907704004,2.4770763559917115,67.0,43.287612810830616
1.1171105589144896,0.01,92.0,5.09413801481638
2.963538480346899,0.1873817422860384,97.0,27.185882427329428
0.1961409805275099,0.6579332246575682,77.0,0.4534878508128584
3.4014674637642,4.9770235643321135,20.0,0.6579332246575682
0.09541837301025591,0.533669923120631,75.0,0.08497534359086446
3.490452348389192,4.328761281083057,39.0,22.570197196339215
2.9635343244756633,2.848035868435802,11.0,8.111308307896872
2.702723426827176,3.7649358067924674,47.0,0.044306214575838825
2.8403710772307535,2.848035868435802,2.0,6.135907273413176
3.4014674637642,6.5793322465756825,32.0,0.08497534359086446
3.4014674637642,5.336699231206313,62.0,0.5462277217684343
0.01968978280974917,0.01747528400007684,33.0,0.012045035402587823
2.7223849301418914,3.7649358067924674,87.0,0.34304692863149194
0.17381710846782533,0.7054802310718645,67.0,0.033516026509388425
3.0148910338165296,1.3219411484660286,61.0,17.07352647470692
3.4014674637642,10.0,85.0,3.5111917342151346
3.4014674637642,9.326033468832199,91.0,24.770763559917114
3.4014674637642,8.697490026177835,78.0,29.836472402833405
2.9738398822100933,0.049770235643321115,69.0,57.2236765935022
3.0345835866936817,1.072267222010323,30.0,27.185882427329428
2.973030685492529,0.03274549162877728,88.0,68.92612104349702
0.011659710863113485,0.030538555088334154,35.0,0.05857020818056667
0.21797095106873016,0.7564633275546291,50.0,0.10235310218990264
3.4014674637642,7.054802310718645,66.0,1.149756995397737
3.369108770440082,4.641588833612782,4.0,4.641588833612782
0.14901992545365117,0.046415888336127795,24.0,1.261856883066021
2.0434925496061065,2.4770763559917115,7.0,2.0092330025650478
3.014467336324539,0.8111308307896873,93.0,29.836472402833405
0.012993725485911859,0.0533669923120631,72.0,0.06428073117284322
0.03840108718036861,0.07054802310718646,5.0,0.4534878508128584
3.4014674637642,9.326033468832199,6.0,0.05857020818056667
3.09235193593219,1.873817422860385,38.0,52.140082879996896
3.011142815114213,0.7054802310718645,8.0,52.140082879996896
2.972299883492146,0.02009233002565047,9.0,83.02175681319753
1.573681725187393,0.023101297000831605,66.0,6.7341506577508286
3.0843176682608084,3.0538555088334154,24.0,10.722672220103243
2.7652027006494526,0.010722672220103232,5.0,15.556761439304722
0.01182902639313436,0.10722672220103231,30.0,0.07054802310718646
0.1704572089749635,0.7054802310718645,96.0,0.03678379771828634
0.19986846126869265,0.5722367659350217,13.0,0.030538555088334154
0.1135673844939836,0.49770235643321115,73.0,0.012045035402587823
2.9720261595863224,0.013219411484660288,44.0,62.802914418342596
3.4014674637642,5.72236765935022,42.0,1.384886371393873
3.003953391685987,0.6135907273413173,7.0,75.64633275546291
3.4014674637642,4.9770235643321135,99.0,0.044306214575838825
3.059454562712273,4.328761281083057,38.0,0.5994842503189411
3.4014674637642,4.9770235643321135,41.0,9.770099572992256
3.0324827525419074,1.0,14.0,83.02175681319753
3.0521600561872098,1.232846739442066,48.0,32.745491628777316
0.4116057449180996,0.030538555088334154,90.0,2.4201282647943834
0.012463511387899973,0.03511191734215131,68.0,0.023101297000831605
2.9720911956991696,0.01747528400007684,13.0,100.0
1.1635076094672008,0.2848035868435802,71.0,4.641588833612782
2.971901766189716,0.012328467394420659,91.0,83.02175681319753
0.01417643085268654,0.03274549162877728,33.0,0.08497534359086446
0.011822251743601228,0.014174741629268055,44.0,0.033516026509388425
0.11193743639356465,0.32745491628777285,84.0,0.6579332246575682
3.4014674637642,7.054802310718645,22.0,20.565123083486537
2.6662539334395214,1.3219411484660286,39.0,8.902150854450392
2.981273611607959,0.21544346900318845,16.0,43.287612810830616
0.15599352005379993,0.08111308307896872,54.0,1.261856883066021
3.4014674637642,7.054802310718645,39.0,100.0
2.976474871321264,0.1,97.0,62.802914418342596
0.04996513974358462,0.03274549162877728,30.0,0.01
0.011608801421148292,0.1,89.0,0.040370172585965536
3.4014674637642,6.5793322465756825,44.0,0.37649358067924693
0.025672034821401384,0.26560877829466867,47.0,0.040370172585965536
0.19125435154795925,0.093260334688322,3.0,0.07054802310718646
3.4014674637642,8.697490026177835,82.0,0.4534878508128584
3.0399942520047927,1.072267222010323,99.0,57.2236765935022
0.5324566278604761,0.01747528400007684,62.0,2.9150530628251787
0.012926738171021638,0.1873817422860384,92.0,0.044306214575838825
0.013955941366987893,0.012328467394420659,88.0,0.014508287784959394
2.9799645049089074,0.17475284000076838,95.0,62.802914418342596
3.06541931044175,1.5199110829529332,32.0,20.565123083486537
0.2930832895001062,0.16297508346206444,12.0,1.8307382802953698
0.14574484300199902,0.6135907273413173,78.0,0.1788649529057435
2.9740510424921607,0.06579332246575682,62.0,47.50810162102798
0.01078423343900083,0.023101297000831605,83.0,0.030538555088334154
0.737044261463797,1.5199110829529332,81.0,0.023101297000831605
3.4014674637642,6.5793322465756825,31.0,3.8535285937105312
0.3315893026762108,0.13219411484660293,25.0,2.0092330025650478
0.01331465232599793,0.046415888336127795,96.0,0.015922827933410922
2.8365960960543912,0.08697490026177834,19.0,17.07352647470692
2.8534653451067924,0.1873817422860384,69.0,17.07352647470692
3.127463790540145,4.037017258596554,4.0,0.027825594022071243
0.5645569171185053,0.464158883361278,90.0,2.2051307399030455
3.4014674637642,10.0,82.0,0.06428073117284322
1.3810419996126901,2.1544346900318843,59.0,0.025353644939701114
3.095452346213482,2.0092330025650478,99.0,20.565123083486537
0.01648850860429963,0.02009233002565047,32.0,0.019179102616724886
0.011694330171574284,0.10722672220103231,83.0,0.04862601580065353
0.015674381655977683,0.046415888336127795,42.0,0.11233240329780277
0.016569208956471407,0.010722672220103232,25.0,0.11233240329780277
0.4366955369152309,0.1519911082952934,85.0,2.4201282647943834
3.4014674637642,9.326033468832199,86.0,11.768119524349991
1.31761222491139,1.629750834620645,23.0,1.5199110829529348
2.9681220656837097,0.16297508346206444,40.0,29.836472402833405
0.2977435105557388,0.8697490026177834,63.0,0.37649358067924693
2.7402028290404714,3.7649358067924674,18.0,0.5462277217684343
0.023393562492674793,0.05722367659350217,78.0,0.13530477745798075
2.1203497881982383,3.0538555088334154,51.0,0.0774263682681127
0.5866442924874788,0.1519911082952934,39.0,2.9150530628251787
1.0167702344480456,1.7475284000076847,24.0,0.23644894126454083
0.3295296643379549,0.9326033468832199,59.0,0.23644894126454083
0.03470072736770462,0.30538555088334157,42.0,0.10235310218990264
3.4014674637642,7.054802310718645,7.0,2.0092330025650478
3.4014674637642,5.336699231206313,80.0,0.21544346900318845
2.9915927804392415,0.8697490026177834,11.0,20.565123083486537
0.03766543384419063,0.01519911082952934,38.0,0.3125715849688237
2.8530140310415097,1.873817422860385,45.0,8.902150854450392
2.71350096129906,3.7649358067924674,19.0,0.21544346900318845
0.026774040202500526,0.11497569953977356,73.0,0.21544346900318845
2.6638295739143762,0.8697490026177834,53.0,10.722672220103243
1.5479689260071612,2.0092330025650478,96.0,1.261856883066021
3.115389626264073,3.511191734215131,81.0,5.590810182512229
2.4418716249475834,3.0538555088334154,66.0,2.4201282647943834
2.97748574096142,0.12328467394420659,18.0,75.64633275546291
0.6946641242750321,0.8697490026177834,100.0,1.8307382802953698
0.08367497101275502,0.43287612810830595,37.0,0.34304692863149194
0.1138478488497902,0.10722672220103231,23.0,0.01
0.05781235213241422,0.030538555088334154,86.0,0.7220809018385468
0.81970324580964,0.08697490026177834,15.0,3.8535285937105312
2.9737845603435664,0.049770235643321115,13.0,91.11627561154896
0.6814337010693337,1.232846739442066,10.0,0.0533669923120631
2.962373755872794,1.0,1.0,62.802914418342596
0.10967701522420312,0.30538555088334157,86.0,0.6579332246575682
0.43079342534169085,0.11497569953977356,98.0,2.4201282647943834
3.4014674637642,6.5793322465756825,55.0,0.014508287784959394
3.4014674637642,7.054802310718645,63.0,0.012045035402587823
3.1879563561059507,3.2745491628777286,25.0,18.73817422860385
0.0159799803301085,0.07054802310718646,77.0,0.013219411484660288
0.5828141386659353,1.3219411484660286,31.0,0.06428073117284322
3.0016168348584196,0.5722367659350217,16.0,75.64633275546291
2.9713663749391044,0.01519911082952934,22.0,47.50810162102798
2.9877511729989843,0.32745491628777285,76.0,57.2236765935022
2.9009611283698855,0.01873817422860384,90.0,20.565123083486537
2.3589542671879515,3.2745491628777286,30.0,0.9545484566618342
0.016086125894717522,0.01747528400007684,71.0,0.08497534359086446
1.991974977853457,2.848035868435802,94.0,0.21544346900318845
0.17467827118783344,0.1873817422860384,96.0,1.261856883066021
2.7499188057177206,2.31012970008316,59.0,6.7341506577508286
0.0344993436080076,0.040370172585965536,78.0,0.37649358067924693
2.820685742194022,3.0538555088334154,92.0,5.09413801481638
0.016444423713527605,0.046415888336127795,64.0,0.10235310218990264
2.943193532986639,0.05722367659350217,72.0,24.770763559917114
3.4014674637642,7.56463327554629,67.0,0.07054802310718646
3.006275495784195,2.4770763559917115,2.0,14.174741629268063
0.025056958071231948,0.14174741629268056,7.0,0.0774263682681127
2.9199084204720243,0.4037017258596556,44.0,18.73817422860385
2.969079812959939,0.49770235643321115,94.0,22.570197196339215
3.4014674637642,4.9770235643321135,18.0,14.174741629268063
0.039026728395436375,0.01519911082952934,41.0,0.34304692863149194
1.008842263679457,0.04328761281083057,83.0,4.641588833612782
0.6501899078012622,1.1497569953977356,19.0,0.9545484566618342
1.4821353232954146,1.4174741629268048,74.0,2.656087782946687
2.9721789439513455,0.030538555088334154,70.0,47.50810162102798
2.487054366327045,3.511191734215131,23.0,0.040370172585965536
1.0463997565820207,1.629750834620645,3.0,0.7220809018385468
1.9148025541691436,0.040370172585965536,17.0,8.111308307896872
2.968593937063908,0.04328761281083057,38.0,35.938136638046295
0.016606438134087513,0.07054802310718646,18.0,0.04862601580065353
3.4014674637642,8.697490026177835,80.0,29.836472402833405
2.4921040586420657,0.016297508346206444,97.0,11.768119524349991
0.03366855553633323,0.04328761281083057,36.0,0.3125715849688237
0.03379956148331263,0.03511191734215131,59.0,0.34304692863149194
1.5341892400875032,0.6135907273413173,43.0,5.09413801481638
2.9739377022344207,0.0533669923120631,10.0,100.0
3.4014674637642,9.326033468832199,20.0,1.8307382802953698
2.9880933441483974,0.6135907273413173,54.0,24.770763559917114
2.9791460944392503,0.4037017258596556,41.0,27.185882427329428
1.5518717280157994,1.072267222010323,13.0,3.8535285937105312
2.6931080602688313,0.011497569953977356,47.0,14.174741629268063
0.012878509510782826,0.07564633275546291,92.0,0.0533669923120631
0.09580811819726773,0.05722367659350217,15.0,0.8697490026177834
3.0746190622013696,2.4770763559917115,76.0,75.64633275546291
3.4014674637642,5.72236765935022,62.0,29.836472402833405
3.0259766009257687,4.328761281083057,60.0,0.06428073117284322
1.0096502801022087,1.7475284000076847,83.0,0.19630406500402714
0.012574833913696232,0.01,78.0,0.04862601580065353
3.4014674637642,6.5793322465756825,3.0,39.4420605943766
3.4014674637642,8.111308307896872,49.0,0.0774263682681127
1.2669935688968204,0.24770763559917114,79.0,5.09413801481638
2.5100259736896966,0.07054802310718646,77.0,11.768119524349991
0.015210722615222569,0.02848035868435802,76.0,0.08497534359086446
0.6727790597950021,0.14174741629268056,67.0,3.1992671377973845
0.013766553191261568,0.037649358067924674,63.0,0.06428073117284322
0.2247180717700535,0.6135907273413173,22.0,0.019179102616724886
0.6614926916103594,0.49770235643321115,10.0,2.4201282647943834
3.4014674637642,4.9770235643321135,47.0,0.12328467394420665
3.4014674637642,4.9770235643321135,57.0,0.023101297000831605
2.9678485958152807,0.030538555088334154,56.0,35.938136638046295
1.5868976471645395,2.31012970008316,10.0,0.11233240329780277
0.23061272533617996,0.464158883361278,82.0,1.0476157527896652
1.6653557255503295,0.6135907273413173,34.0,5.590810182512229
2.795659869918723,3.7649358067924674,37.0,1.5199110829529348
2.9725438145739087,0.024770763559917114,88.0,57.2236765935022
3.4014674637642,10.0,85.0,18.73817422860385
1.1182096346029247,0.37649358067924676,63.0,4.229242874389499
3.2122423899080617,4.641588833612782,82.0,0.02104904144512021
3.4014674637642,6.5793322465756825,38.0,0.023101297000831605
0.042306490498893554,0.11497569953977356,62.0,0.34304692863149194
2.9113856103757767,0.32745491628777285,51.0,18.73817422860385
2.985079743962584,0.30538555088334157,37.0,39.4420605943766
0.033697320171404824,0.030538555088334154,98.0,0.37649358067924693
3.4014674637642,6.5793322465756825,26.0,0.040370172585965536
0.014215908105753312,0.03511191734215131,72.0,0.013219411484660288
3.4014674637642,7.054802310718645,86.0,0.13530477745798075
0.013628624344655279,0.040370172585965536,93.0,0.0533669923120631
0.27464567809847545,0.11497569953977356,5.0,0.03678379771828634
1.3367123772271907,0.9326033468832199,99.0,3.5111917342151346
2.647687394670853,0.17475284000076838,50.0,12.91549665014884
3.4014674637642,6.5793322465756825,90.0,1.5199110829529348
0.0235588357830828,0.26560877829466867,61.0,0.11233240329780277
3.212172874057498,4.641588833612782,55.0,0.01747528400007684
1.451938586322616,0.07564633275546291,3.0,0.023101297000831605
0.011699645402086189,0.037649358067924674,48.0,0.040370172585965536
2.9711710411144647,0.011497569953977356,95.0,47.50810162102798
2.96040887811678,0.7054802310718645,3.0,29.836472402833405
3.4014674637642,7.054802310718645,29.0,0.04862601580065353
1.9730228796705631,2.4770763559917115,57.0,1.6681005372000592
0.82200888789305,0.016297508346206444,10.0,0.010974987654930561
0.014960799309590272,0.01,89.0,0.010974987654930561
0.02159569049830849,0.24770763559917114,79.0,0.023101297000831605
3.4909160301820172,4.328761281083057,72.0,32.745491628777316
3.4014674637642,5.72236765935022,35.0,1.384886371393873
3.0421321859392396,1.1497569953977356,22.0,27.185882427329428
0.1258703716695176,0.6135907273413173,94.0,0.05857020818056667
2.967725607012131,0.02848035868435802,98.0,35.938136638046295
0.011823458402460622,0.10722672220103231,60.0,0.05857020818056667
0.02013922163857701,0.016297508346206444,47.0,0.13530477745798075
0.03819447844463091,0.093260334688322,86.0,0.34304692863149194
0.045376740148300294,0.30538555088334157,34.0,0.23644894126454083
0.35413754746706116,1.0,49.0,0.0533669923120631
0.33969984274664355,0.1873817422860384,16.0,2.0092330025650478
3.4014674637642,9.326033468832199,53.0,0.044306214575838825
3.0673789705025465,1.629750834620645,13.0,18.73817422860385
2.840365160099394,2.848035868435802,34.0,6.135907273413176
0.12297746715987086,0.1873817422860384,29.0,0.9545484566618342
3.4014674637642,4.9770235643321135,73.0,1.261856883066021
2.9728655943421494,0.03511191734215131,100.0,52.140082879996896
0.01522222440396819,0.01747528400007684,40.0,0.093260334688322
0.020182908567611617,0.1519911082952934,90.0,0.010974987654930561
0.07568641888024487,0.20092330025650468,65.0,0.5462277217684343
1.8520581062457766,1.3219411484660286,76.0,4.229242874389499
0.3308172243753268,0.7564633275546291,83.0,0.8697490026177834
0.38224198494159467,0.1519911082952934,87.0,2.2051307399030455
0.05165685335850286,0.21544346900318845,100.0,0.34304692863149194
1.7350126399060422,0.01747528400007684,62.0,7.390722033525782
0.017559333779045637,0.1,100.0,0.010974987654930561
0.013961852535527463,0.0533669923120631,49.0,0.023101297000831605
0.01898611297826746,0.0533669923120631,26.0,0.16297508346206444
0.0159799803301085,0.07054802310718646,77.0,0.013219411484660288
0.3703983893515171,0.26560877829466867,38.0,2.0092330025650478
2.9798339844127124,0.17475284000076838,93.0,83.02175681319753
0.039574014364538654,0.11497569953977356,45.0,0.34304692863149194
2.987544034723807,0.32745491628777285,59.0,91.11627561154896
2.883375773374499,0.37649358067924676,19.0,17.07352647470692
0.9350940794784623,1.629750834620645,52.0,0.023101297000831605
2.302579644183738,3.2745491628777286,74.0,0.012045035402587823
3.006283925626797,0.6579332246575682,100.0,39.4420605943766
2.6208206880231826,1.4174741629268048,82.0,8.111308307896872
1.0327577553841136,0.6579332246575682,93.0,3.1992671377973845
2.6102813506536537,0.37649358067924676,72.0,11.768119524349991
2.959946824977068,0.037649358067924674,65.0,29.836472402833405
0.12507347437688177,0.03511191734215131,71.0,1.149756995397737
0.05267737075009945,0.16297508346206444,80.0,0.37649358067924693
2.973040076642755,0.06135907273413173,43.0,43.287612810830616
3.4014674637642,7.56463327554629,3.0,0.1788649529057435
2.506080737193172,3.2745491628777286,65.0,2.0092330025650478
0.032988439393755335,0.021544346900318846,94.0,0.25950242113997374
0.24803613633726634,0.8111308307896873,60.0,0.19630406500402714
0.4490965604546335,0.1873817422860384,23.0,2.4201282647943834
0.03473002683355207,0.03511191734215131,85.0,0.4534878508128584
0.4713071966889257,0.7054802310718645,46.0,1.5199110829529348
3.4014674637642,10.0,62.0,10.722672220103243
2.700973173001316,3.7649358067924674,90.0,0.013219411484660288
2.364722880946969,0.01873817422860384,41.0,10.722672220103243
3.4014674637642,7.054802310718645,20.0,1.0476157527896652
0.07564659885986572,0.014174741629268055,84.0,0.8697490026177834
3.081883723504279,2.848035868435802,19.0,62.802914418342596
0.04034780688690479,0.040370172585965536,12.0,0.41320124001153385
0.19828399892561124,0.026560877829466867,70.0,1.5199110829529348
1.89678010393357,0.01,42.0,8.111308307896872
0.9599878514398063,0.1519911082952934,46.0,4.229242874389499
0.12281596748431516,0.12328467394420659,93.0,1.0476157527896652
0.5347589164599744,0.026560877829466867,38.0,2.9150530628251787
2.85048017097779,1.4174741629268048,50.0,10.722672220103243
1.9497306414957751,2.848035868435802,94.0,0.027825594022071243
0.04250876583432319,0.049770235643321115,55.0,0.5462277217684343
3.4014674637642,7.56463327554629,36.0,0.34304692863149194
0.22847866045003498,0.01519911082952934,28.0,1.6681005372000592
2.8628349112001534,0.1873817422860384,1.0,43.287612810830616
0.06123692467439847,0.14174741629268056,29.0,0.01
2.9667115454996624,0.06579332246575682,92.0,32.745491628777316
0.1947333654395287,0.012328467394420659,88.0,1.5199110829529348
2.5260771850510393,3.511191734215131,14.0,0.49770235643321115
0.013034925322749505,0.0533669923120631,82.0,0.0533669923120631
1.0199942520415064,0.06579332246575682,100.0,4.641588833612782
2.7782956317327274,0.07054802310718646,23.0,15.556761439304722
0.2981749487237105,0.20092330025650468,30.0,1.8307382802953698
0.01740214691584134,0.07564633275546291,36.0,0.023101297000831605
0.32890991676045955,0.43287612810830595,12.0,1.5199110829529348
0.011343012614612543,0.02848035868435802,77.0,0.044306214575838825
0.12846436218896215,0.5722367659350217,15.0,0.1788649529057435
0.02534256989663467,0.016297508346206444,16.0,0.25950242113997374
2.075351681020224,0.037649358067924674,6.0,8.902150854450392
2.8241301497107987,0.04328761281083057,1.0,20.565123083486537
3.4014674637642,7.054802310718645,45.0,17.07352647470692
3.0038368996017377,0.6135907273413173,76.0,100.0
0.12867592415886234,0.43287612810830595,15.0,0.025353644939701114
0.6774683165190616,0.6579332246575682,10.0,2.2051307399030455
3.4014674637642,9.326033468832199,85.0,0.023101297000831605
3.4014674637642,4.9770235643321135,4.0,32.745491628777316
2.486615961539518,3.511191734215131,41.0,0.033516026509388425
3.0265116566750243,0.9326033468832199,34.0,47.50810162102798
0.011132214388329578,0.016297508346206444,100.0,0.023101297000831605
1.1191969509532202,1.7475284000076847,17.0,0.044306214575838825
0.4886188840154707,0.1,14.0,2.656087782946687
0.0708781464155879,0.093260334688322,57.0,0.7220809018385468
0.8688744918966378,1.629750834620645,32.0,0.13530477745798075
2.9737521998389664,0.049770235643321115,39.0,100.0
0.839360067684666,1.629750834620645,47.0,0.093260334688322
0.019106496989121736,0.06579332246575682,25.0,0.025353644939701114
3.015366614683251,0.7564633275546291,15.0,47.50810162102798
0.5216264999898802,0.5722367659350217,9.0,0.019179102616724886
0.5521164922885273,0.8697490026177834,43.0,1.384886371393873
0.014667569879952375,0.010722672220103232,68.0,0.07054802310718646
3.4014674637642,5.336699231206313,28.0,3.8535285937105312
0.05534614508396167,0.11497569953977356,91.0,0.5462277217684343
0.9758825520367784,0.5722367659350217,33.0,3.1992671377973845
3.4014674637642,10.0,31.0,0.04862601580065353
1.1469483627262567,1.7475284000076847,80.0,0.7220809018385468
0.30789617994103846,0.014174741629268055,96.0,2.0092330025650478
0.01494742815726075,0.11497569953977356,52.0,0.093260334688322
0.21936730779904584,0.7054802310718645,47.0,0.019179102616724886
0.07443234490278786,0.4037017258596556,89.0,0.01
0.7704486802652922,1.4174741629268048,32.0,0.03678379771828634
3.304949865607567,3.7649358067924674,9.0,6.7341506577508286
2.9814269856702866,0.20092330025650468,40.0,68.92612104349702
0.13811718466869868,0.5722367659350217,96.0,0.3125715849688237
2.5733483669509947,1.3219411484660286,51.0,8.111308307896872
0.012693115843019631,0.012328467394420659,36.0,0.06428073117284322
0.04101338834550982,0.049770235643321115,54.0,0.4534878508128584
2.9674881823155266,1.1497569953977356,86.0,15.556761439304722
3.4014674637642,9.326033468832199,3.0,91.11627561154896
0.07582804737870302,0.01,11.0,0.6579332246575682
0.01563207677254249,0.11497569953977356,29.0,0.12328467394420665
0.05639666401072311,0.01747528400007684,49.0,0.7220809018385468
3.4014674637642,6.135907273413176,37.0,4.229242874389499
3.0832622257581073,1.873817422860385,4.0,18.73817422860385
2.8534653451067924,0.1873817422860384,8.0,17.07352647470692
0.021085708515637847,0.023101297000831605,37.0,0.16297508346206444
2.991556834037221,0.4037017258596556,6.0,68.92612104349702
0.5934228627679511,1.232846739442066,53.0,0.01747528400007684
0.012910863078807807,0.02009233002565047,22.0,0.04862601580065353
3.4014674637642,8.697490026177835,22.0,0.19630406500402714
0.014331010657507767,0.1519911082952934,14.0,0.08497534359086446
3.4860237026820386,4.037017258596554,10.0,35.938136638046295
3.060724488724148,1.3219411484660286,20.0,75.64633275546291
0.4814862642185386,0.07564633275546291,81.0,2.656087782946687
1.3067282650945091,2.0092330025650478,89.0,0.37649358067924693
0.2508800154863914,0.13219411484660293,26.0,1.6681005372000592
0.07880513954418791,0.07054802310718646,22.0,0.7924828983539177
2.956735941707941,0.533669923120631,10.0,20.565123083486537
3.4014674637642,5.72236765935022,100.0,0.0533669923120631
2.9767821691136653,0.464158883361278,95.0,24.770763559917114
2.962295355363326,0.7564633275546291,28.0,18.73817422860385
1.865409580850485,2.4770763559917115,25.0,1.0476157527896652
2.8376843684115243,0.37649358067924676,73.0,15.556761439304722
2.975329611497198,2.4770763559917115,83.0,9.770099572992256
0.2218874537634735,0.16297508346206444,60.0,1.5199110829529348
3.4014674637642,5.336699231206313,84.0,22.570197196339215
0.023153448292512188,0.06579332246575682,4.0,0.25950242113997374
1.2661413664499723,0.026560877829466867,26.0,5.590810182512229
0.05927853990749925,0.10722672220103231,93.0,0.5994842503189411
0.039055629341974374,0.093260334688322,19.0,0.41320124001153385
3.4014674637642,8.697490026177835,27.0,0.12328467394420665
0.06838234141106762,0.01,11.0,0.5994842503189411
2.1222143887493568,3.0538555088334154,61.0,0.093260334688322
1.8853872065954072,2.656087782946687,41.0,0.012045035402587823
0.12571277831146488,0.49770235643321115,39.0,0.49770235643321115
0.0263538615757186,0.1519911082952934,59.0,0.010974987654930561
1.117408416889788,1.5199110829529332,15.0,1.261856883066021
3.4014674637642,6.5793322465756825,83.0,0.10235310218990264
0.31960782813211763,0.9326033468832199,98.0,0.040370172585965536
3.068117107998429,2.656087782946687,73.0,39.4420605943766
0.1056650668510255,0.024770763559917114,9.0,0.025353644939701114
2.5008832723274326,0.04328761281083057,24.0,11.768119524349991
2.972300020473042,0.021544346900318846,61.0,100.0
3.054984771615115,2.1544346900318843,6.0,12.91549665014884
0.0724674421024702,0.1873817422860384,97.0,0.5462277217684343
1.9850252759974591,2.848035868435802,72.0,0.1788649529057435
0.4369119976090542,1.072267222010323,69.0,0.19630406500402714
0.03148613539634494,0.016297508346206444,50.0,0.23644894126454083
0.014428230635756104,0.01873817422860384,94.0,0.012045035402587823
3.4014674637642,10.0,76.0,2.9150530628251787
2.256905924485424,3.0538555088334154,47.0,1.384886371393873
1.4520017137717764,0.08111308307896872,85.0,6.135907273413176
0.15001431249812416,0.024770763559917114,1.0,0.2848035868435802
2.083921961206155,2.31012970008316,27.0,2.656087782946687
2.0378610543260214,0.26560877829466867,63.0,8.111308307896872
2.3076743564386133,3.2745491628777286,61.0,0.1484968262254465
2.973959713483606,0.43287612810830595,97.0,24.770763559917114
0.09263151723162974,0.49770235643321115,33.0,0.08497534359086446
2.4038250078917436,3.0538555088334154,4.0,2.2051307399030455
2.9910377668103756,0.4037017258596556,39.0,43.287612810830616
0.02543934694471551,0.14174741629268056,60.0,0.012045035402587823
0.8958030891465073,0.37649358067924676,1.0,3.1992671377973845
2.63430706698757,0.464158883361278,75.0,11.768119524349991
0.029701893229371213,0.013219411484660288,4.0,0.3125715849688237
0.5219492419873575,1.0,2.0,0.7924828983539177
2.963185145907333,0.01,22.0,32.745491628777316
3.0107762326323986,1.873817422860385,2.0,35.938136638046295
0.024842225257436096,0.11497569953977356,11.0,0.044306214575838825
1.911616288083934,0.03511191734215131,42.0,8.111308307896872
0.02847272144159076,0.06579332246575682,52.0,0.25950242113997374
1.0914460227939298,1.7475284000076847,46.0,0.02104904144512021
0.08374498332013364,0.49770235643321115,90.0,0.014508287784959394
1.9588035250901867,0.13219411484660293,3.0,8.111308307896872
2.5135766475358685,0.08111308307896872,51.0,11.768119524349991
1.3786267893188078,2.1544346900318843,58.0,0.04862601580065353
0.11067301826693077,0.5722367659350217,42.0,0.08497534359086446
0.03912487056961238,0.32745491628777285,60.0,0.040370172585965536
0.018047466010213488,0.013219411484660288,58.0,0.10235310218990264
3.4014674637642,5.336699231206313,92.0,0.0533669923120631
0.19713149824455126,0.021544346900318846,13.0,1.5199110829529348
0.031246456908038157,0.20092330025650468,25.0,0.027825594022071243
0.11470329139445337,0.49770235643321115,45.0,0.01747528400007684
2.009839673469444,0.49770235643321115,65.0,7.390722033525782
3.4014674637642,8.111308307896872,13.0,0.0774263682681127
2.8697408088608642,0.023101297000831605,94.0,18.73817422860385
3.4014674637642,4.9770235643321135,74.0,0.06428073117284322
0.3161223294025579,0.6579332246575682,14.0,0.023101297000831605
0.16831786749619543,0.0533669923120631,3.0,1.261856883066021
3.4014674637642,8.697490026177835,89.0,0.2848035868435802
1.3783777352701427,2.1544346900318843,92.0,0.019179102616724886
2.9776771418126673,0.20092330025650468,65.0,35.938136638046295
0.05763006608828848,0.024770763559917114,34.0,0.7220809018385468
0.4106266558995551,1.0,31.0,0.49770235643321115
2.767060131564129,0.011497569953977356,99.0,15.556761439304722
2.9722254812466353,0.02009233002565047,83.0,100.0
2.829883382330751,0.32745491628777285,96.0,15.556761439304722
2.556383910407416,3.511191734215131,8.0,1.149756995397737
0.16833012198835812,0.023101297000831605,74.0,1.384886371393873
3.4014674637642,7.054802310718645,22.0,0.6579332246575682
0.32733374269380533,0.8697490026177834,80.0,0.014508287784959394
2.9820737937027912,0.21544346900318845,91.0,100.0
2.963844132838894,0.30538555088334157,69.0,24.770763559917114
0.4369119976090542,1.072267222010323,21.0,0.19630406500402714
0.017676269989754377,0.06579332246575682,30.0,0.13530477745798075
0.12013948335321856,0.49770235643321115,55.0,0.4534878508128584
2.9213812352215784,4.037017258596554,70.0,0.6579332246575682
0.012810728439764186,0.0533669923120631,99.0,0.0533669923120631
2.490761723847564,0.9326033468832199,68.0,8.902150854450392
0.4285375755017469,0.1,42.0,2.4201282647943834
3.4014674637642,4.9770235643321135,57.0,0.1788649529057435
2.1296012843123666,2.4770763559917115,74.0,2.4201282647943834
0.043630312443588684,0.012328467394420659,43.0,0.4534878508128584
2.984680490341269,0.5722367659350217,36.0,24.770763559917114
2.956735941707941,0.533669923120631,14.0,20.565123083486537
1.894035404504812,2.656087782946687,94.0,0.41320124001153385
2.6401018415974558,3.511191734215131,37.0,1.8307382802953698
0.012780471098415694,0.17475284000076838,98.0,0.0774263682681127
2.5084462408191324,0.06579332246575682,31.0,11.768119524349991
2.961272628829221,0.05722367659350217,14.0,29.836472402833405
2.2204252665153956,0.01747528400007684,42.0,9.770099572992256
3.4014674637642,5.72236765935022,6.0,2.9150530628251787
0.013388492118744943,0.1873817422860384,67.0,0.033516026509388425
0.05062786237754655,0.12328467394420659,94.0,0.4534878508128584
0.04570993136335554,0.06579332246575682,21.0,0.4534878508128584
0.15423382110249106,0.04328761281083057,10.0,0.02104904144512021
0.7505987529311083,0.26560877829466867,64.0,3.1992671377973845
0.051850691173160116,0.04328761281083057,98.0,0.6579332246575682
0.4884358807048922,0.6579332246575682,86.0,1.6681005372000592
2.99668274455637,0.49770235643321115,19.0,39.4420605943766
0.014151087358859175,0.040370172585965536,21.0,0.044306214575838825
2.1739452927982215,2.4770763559917115,94.0,2.656087782946687
0.034438919619098805,0.30538555088334157,32.0,0.06428073117284322
0.024164359873873116,0.046415888336127795,83.0,0.13530477745798075
3.4014674637642,9.326033468832199,72.0,0.13530477745798075
0.3178386027911908,0.9326033468832199,73.0,0.0533669923120631
0.08939319634310866,0.24770763559917114,22.0,0.5994842503189411
0.03290508012586533,0.24770763559917114,51.0,0.01747528400007684
2.203386235666804,0.01519911082952934,2.0,0.014508287784959394
2.977053085091152,0.14174741629268056,34.0,43.287612810830616
0.022427649265100782,0.014174741629268055,97.0,0.12328467394420665
0.06209416424618499,0.3511191734215131,42.0,0.34304692863149194
3.4014674637642,4.9770235643321135,62.0,4.229242874389499
0.16734470575091584,0.01,3.0,0.07054802310718646
2.945222421525431,0.08111308307896872,35.0,24.770763559917114
1.0074241384345668,0.040370172585965536,71.0,4.641588833612782
2.9395002838170172,0.014174741629268055,71.0,24.770763559917114
3.0994356425877965,2.0092330025650478,100.0,29.836472402833405
2.467940833635582,2.656087782946687,15.0,3.8535285937105312
1.8058195016297074,2.656087782946687,72.0,0.027825594022071243
3.0761415566139956,1.5199110829529332,6.0,39.4420605943766
3.4014674637642,6.5793322465756825,84.0,52.140082879996896
0.3093070479476002,0.021544346900318846,59.0,2.0092330025650478
2.9732333604271206,0.17475284000076838,27.0,32.745491628777316
0.8773137922713452,1.3219411484660286,58.0,1.149756995397737
2.1462168928367484,0.17475284000076838,16.0,8.902150854450392
0.273849653546173,0.049770235643321115,81.0,1.8307382802953698
3.4014674637642,7.054802310718645,85.0,0.03678379771828634
2.8957025088947805,4.037017258596554,49.0,0.41320124001153385
1.9587454153743444,2.848035868435802,52.0,0.0774263682681127
2.9695005473993654,0.37649358067924676,68.0,24.770763559917114
2.655800854766365,0.20092330025650468,55.0,12.91549665014884
0.9599878514398063,0.1519911082952934,54.0,4.229242874389499
0.026638126270323758,0.023101297000831605,22.0,0.015922827933410922
0.011375118505835845,0.14174741629268056,25.0,0.08497534359086446
3.0244652720133076,4.328761281083057,44.0,0.025353644939701114
3.4014674637642,10.0,66.0,0.7924828983539177
0.017100819901399313,0.1,11.0,0.08497534359086446
0.5055950596208185,0.1519911082952934,41.0,2.656087782946687
0.01855623006878134,0.14174741629268056,9.0,0.19630406500402714
0.365908435282536,0.06135907273413173,18.0,2.2051307399030455
0.012887713213423576,0.023101297000831605,22.0,0.0774263682681127
0.03661074695721232,0.11497569953977356,69.0,0.2848035868435802
0.4986009594506397,1.1497569953977356,30.0,0.1788649529057435
2.944409254077132,0.6135907273413173,30.0,18.73817422860385
0.09126062012534726,0.010722672220103232,19.0,0.9545484566618342
2.9718646145739145,0.010722672220103232,70.0,75.64633275546291
3.0053130382526354,2.4770763559917115,80.0,10.722672220103243
2.9726050375047297,0.0533669923120631,38.0,43.287612810830616
2.9740510424921607,0.06579332246575682,44.0,47.50810162102798
0.3332422432084135,0.9326033468832199,53.0,0.093260334688322
2.8798444543831936,0.1,54.0,18.73817422860385
2.9717850568109667,0.023101297000831605,88.0,47.50810162102798
2.9791460944392503,0.4037017258596556,29.0,27.185882427329428
1.605042799549977,0.07054802310718646,87.0,6.7341506577508286
2.9011324174636037,0.02009233002565047,54.0,20.565123083486537
0.018974681088897216,0.07564633275546291,48.0,0.014508287784959394
3.0808543062679314,2.31012970008316,59.0,17.07352647470692
2.534057015230064,0.14174741629268056,60.0,11.768119524349991
3.4014674637642,10.0,94.0,75.64633275546291
2.3190373505034545,3.2745491628777286,21.0,0.25950242113997374
0.025268041080294033,0.093260334688322,58.0,0.23644894126454083
0.023180473664974784,0.20092330025650468,72.0,0.13530477745798075
3.4014674637642,4.9770235643321135,62.0,0.05857020818056667
2.9786855387081275,0.1519911082952934,32.0,57.2236765935022
0.019416594052778208,0.07054802310718646,15.0,0.1788649529057435
0.6037665254555457,0.1873817422860384,53.0,2.9150530628251787
0.012486002985582025,0.024770763559917114,55.0,0.05857020818056667
2.974722608742103,0.07054802310718646,20.0,52.140082879996896
1.4488899643316757,2.1544346900318843,53.0,0.25950242113997374
0.9038404290474412,0.21544346900318845,67.0,3.8535285937105312
3.4014674637642,8.111308307896872,3.0,15.556761439304722
2.9533988602229497,0.049770235643321115,16.0,27.185882427329428
2.900284110367209,0.013219411484660288,77.0,20.565123083486537
2.849231858666997,1.629750834620645,43.0,9.770099572992256
0.06112920905759674,0.014174741629268055,7.0,0.5994842503189411
0.010969429851226965,0.07054802310718646,84.0,0.03678379771828634
0.013720433557177497,0.06135907273413173,35.0,0.08497534359086446
0.12270851980687239,0.021544346900318846,21.0,1.149756995397737
0.11505564686607242,0.3511191734215131,74.0,0.6579332246575682
1.487291513809898,0.014174741629268055,2.0,0.033516026509388425
0.10640858142590426,0.49770235643321115,16.0,0.0533669923120631
3.032631855309651,1.0,21.0,57.2236765935022
3.4014674637642,8.697490026177835,2.0,91.11627561154896
1.4102133522369371,0.016297508346206444,91.0,6.135907273413176
0.1879809032486882,0.7054802310718645,89.0,0.07054802310718646
0.1485895519681873,0.04328761281083057,16.0,0.013219411484660288
3.0679781324124917,1.4174741629268048,71.0,83.02175681319753
2.9716253104360146,0.02009233002565047,30.0,47.50810162102798
0.016171497855476027,0.01519911082952934,31.0,0.02104904144512021
2.113323541470412,3.0538555088334154,94.0,0.01
2.286759955201484,0.16297508346206444,34.0,9.770099572992256
1.6426821342193576,0.37649358067924676,23.0,6.135907273413176
0.02778883667762174,0.05722367659350217,30.0,0.21544346900318845
0.06442851646754758,0.3511191734215131,37.0,0.015922827933410922
3.366766509174645,3.7649358067924674,58.0,8.902150854450392
0.10968080134160171,0.1873817422860384,63.0,0.8697490026177834
0.05338987428566351,0.17475284000076838,53.0,0.37649358067924693
0.010839269310951511,0.08111308307896872,46.0,0.0533669923120631
0.02835513880550699,0.011497569953977356,16.0,0.2848035868435802
0.019772924466929888,0.1,92.0,0.11233240329780277
2.1649252955824725,3.0538555088334154,87.0,0.4534878508128584
3.4014674637642,5.336699231206313,56.0,0.030538555088334154
3.4014674637642,7.054802310718645,75.0,47.50810162102798
0.3547537318270363,0.01519911082952934,61.0,2.2051307399030455
1.006462829643064,0.26560877829466867,5.0,0.02104904144512021
2.9719692917577034,0.026560877829466867,34.0,47.50810162102798
2.9646218648102782,0.20092330025650468,45.0,27.185882427329428
0.7087819536979575,0.8111308307896873,52.0,2.0092330025650478
0.04232406237568835,0.20092330025650468,41.0,0.25950242113997374
0.21470718681705278,0.10722672220103231,55.0,1.5199110829529348
2.9724106618008186,0.049770235643321115,51.0,43.287612810830616
1.4502322836632655,0.49770235643321115,82.0,5.09413801481638
0.1655663253510377,0.011497569953977356,21.0,1.384886371393873
2.9514972309392813,0.30538555088334157,21.0,22.570197196339215
0.9362003951266507,1.629750834620645,22.0,0.37649358067924693
3.4014674637642,8.697490026177835,98.0,0.13530477745798075
0.49462171908670366,0.12328467394420659,66.0,2.656087782946687
0.14797097574365123,0.533669923120631,40.0,0.5462277217684343
1.8069210164876324,0.13219411484660293,51.0,7.390722033525782
3.067583088000034,1.4174741629268048,49.0,43.287612810830616
3.4014674637642,7.56463327554629,9.0,1.384886371393873
3.4014674637642,6.135907273413176,92.0,9.770099572992256
2.9729080882394205,0.03274549162877728,13.0,91.11627561154896
2.082101988396046,2.848035868435802,43.0,1.0476157527896652
2.297940751691392,0.1873817422860384,9.0,9.770099572992256
2.0969737073066836,0.8697490026177834,8.0,6.7341506577508286
0.15267702609024947,0.6135907273413173,9.0,0.2848035868435802
0.013852210511001082,0.024770763559917114,78.0,0.014508287784959394
0.12492226473652739,0.6135907273413173,75.0,0.033516026509388425
3.099015130382705,2.0092330025650478,4.0,57.2236765935022
2.7903546248797255,3.7649358067924674,9.0,0.02104904144512021
2.964380874775408,0.02848035868435802,28.0,32.745491628777316
0.5711964295723726,0.7054802310718645,23.0,1.8307382802953698
0.6678197918998924,0.13219411484660293,18.0,3.1992671377973845
2.3263470095141754,0.5722367659350217,68.0,8.902150854450392
3.4014674637642,9.326033468832199,45.0,7.390722033525782
2.8208636200589035,0.533669923120631,1.0,15.556761439304722
0.013858555515962942,0.010722672220103232,93.0,0.014508287784959394
0.024805485062131618,0.014174741629268055,37.0,0.19630406500402714
0.6814727073638392,1.4174741629268048,89.0,0.12328467394420665
1.3884940803351076,2.1544346900318843,67.0,0.0774263682681127
0.5078735932074595,0.8111308307896873,7.0,0.03678379771828634
3.066845500825191,3.2745491628777286,33.0,6.7341506577508286
0.017445210035601767,0.07054802310718646,42.0,0.019179102616724886
2.0789457285985073,3.0538555088334154,62.0,0.01
2.9856404967055226,0.2848035868435802,6.0,75.64633275546291
3.4014674637642,5.72236765935022,14.0,0.0774263682681127
0.08599358794925438,0.026560877829466867,19.0,0.8697490026177834
0.010663449992968104,0.07564633275546291,93.0,0.025353644939701114
2.9722281594144384,0.046415888336127795,16.0,43.287612810830616
0.1504526992105497,0.0533669923120631,84.0,1.261856883066021
1.0382283900765126,1.5199110829529332,48.0,1.0476157527896652
1.4124684743661307,2.0092330025650478,97.0,0.7924828983539177
3.4014674637642,8.697490026177835,87.0,0.015922827933410922
0.014592593513253205,0.026560877829466867,51.0,0.01747528400007684
0.013427909586953612,0.06135907273413173,19.0,0.0774263682681127
2.5117384572494665,0.07564633275546291,7.0,11.768119524349991
0.01569916417181949,0.21544346900318845,60.0,0.06428073117284322
1.9009462044963918,0.030538555088334154,1.0,6.7341506577508286
1.8061806066602955,0.1873817422860384,2.0,0.025353644939701114
3.2189913462893758,4.641588833612782,84.0,0.2848035868435802
